{
  "ssh-config": [
    {
      "host": "localhost",
      "port": 22,
      "user": "training",
      "pwd": "training"
    },
    {
      "host": "localhost",
      "port": 22,
      "user": "training",
      "pwd": "training"
    },
    {
      "host": "localhost",
      "port": 22,
      "user": "training",
      "pwd": "training"
    },
    {
      "host": "localhost",
      "port": 22,
      "user": "training",
      "pwd": "training"
    },
    {
      "host": "localhost",
      "port": 22,
      "user": "training",
      "pwd": "training"
    },
    {
      "host": "localhost",
      "port": 22,
      "user": "training",
      "pwd": "training"
    }
  ]
}